{"0": {"loss": 0.6725370287895203, "MeanIOU": 0.05143121931710404}, "1": {"loss": 0.6726222634315491, "MeanIOU": 0.03522843032327113}, "2": {"loss": 0.668397068977356, "MeanIOU": 0.012800222055561928}, "3": {"loss": 0.6656979918479919, "MeanIOU": 0.0}, "4": {"loss": 0.6686662435531616, "MeanIOU": 0.023850108632520923}, "5": {"loss": 0.6638864874839783, "MeanIOU": 0.0}, "6": {"loss": 0.6646038889884949, "MeanIOU": 0.05394928638933829}, "7": {"loss": 0.6616115570068359, "MeanIOU": 0.0026434482625638293}, "8": {"loss": 0.6615483164787292, "MeanIOU": 0.04189075845099821}, "9": {"loss": 0.6597120761871338, "MeanIOU": 0.03905169056910165}, "10": {"loss": 0.6568065285682678, "MeanIOU": 0.004280251418425473}, "11": {"loss": 0.6563898324966431, "MeanIOU": 0.036739256021902394}, "12": {"loss": 0.6490842700004578, "MeanIOU": 0.0}, "13": {"loss": 0.6530810594558716, "MeanIOU": 0.03751452420807678}, "14": {"loss": 0.6517640352249146, "MeanIOU": 0.024585013394959252}, "15": {"loss": 0.6495859026908875, "MeanIOU": 0.0369305315804328}, "16": {"loss": 0.6467796564102173, "MeanIOU": 0.03372989690173826}, "17": {"loss": 0.642649233341217, "MeanIOU": 1.160487265392993e-06}, "18": {"loss": 0.6409478783607483, "MeanIOU": 0.0}, "19": {"loss": 0.6408131122589111, "MeanIOU": 0.004336779999340657}, "20": {"loss": 0.6396693587303162, "MeanIOU": 0.031852507052790725}, "21": {"loss": 0.6390305161476135, "MeanIOU": 0.03189143923546389}, "22": {"loss": 0.6358183026313782, "MeanIOU": 0.02847478363724193}, "23": {"loss": 0.6352123618125916, "MeanIOU": 0.040063833361330424}, "24": {"loss": 0.6334978938102722, "MeanIOU": 0.03511273191609088}, "25": {"loss": 0.6315288543701172, "MeanIOU": 0.000631598603526334}, "26": {"loss": 0.6267729997634888, "MeanIOU": 0.0010708512931034482}, "27": {"loss": 0.6284981966018677, "MeanIOU": 0.032994492698029974}, "28": {"loss": 0.6241468787193298, "MeanIOU": 0.03663188795114825}}