{"0": {"MeanIOU": 0.2066856582294617, "loss": 0.6774274706840515}, "1": {"MeanIOU": 0.08520769129387484, "loss": 0.6929786205291748}, "2": {"MeanIOU": 0.14975984967318498, "loss": 0.6814826130867004}, "3": {"MeanIOU": 0.0820454654196559, "loss": 0.6893345713615417}, "4": {"MeanIOU": 0.13278999487490648, "loss": 0.6806039214134216}, "5": {"MeanIOU": 0.0934391367821307, "loss": 0.6845585703849792}, "6": {"MeanIOU": 0.19530941046130068, "loss": 0.670633852481842}, "7": {"MeanIOU": 0.20559283975620957, "loss": 0.6691486239433289}, "8": {"MeanIOU": 0.23775285861351156, "loss": 0.664515495300293}, "9": {"MeanIOU": 0.18204607324113214, "loss": 0.6706182360649109}, "10": {"MeanIOU": 0.06967650947553988, "loss": 0.6805123090744019}, "11": {"MeanIOU": 0.07166553419401255, "loss": 0.6796324849128723}, "12": {"MeanIOU": 0.051590162928415825, "loss": 0.6782694458961487}, "13": {"MeanIOU": 0.07379278012189405, "loss": 0.6777976751327515}, "14": {"MeanIOU": 0.12074339006169804, "loss": 0.6733660101890564}, "15": {"MeanIOU": 0.17612305066335635, "loss": 0.6658470034599304}, "16": {"MeanIOU": 0.16176243911461868, "loss": 0.6649462580680847}, "17": {"MeanIOU": 0.2511854978312878, "loss": 0.656580924987793}, "18": {"MeanIOU": 0.034157683197308324, "loss": 0.6692774295806885}, "19": {"MeanIOU": 0.12254606041581147, "loss": 0.6642279624938965}, "20": {"MeanIOU": 0.13541179846677326, "loss": 0.6595701575279236}, "21": {"MeanIOU": 0.2173098898165834, "loss": 0.6547855734825134}, "22": {"MeanIOU": 0.23433571041178292, "loss": 0.653161346912384}, "23": {"MeanIOU": 0.19395776815465599, "loss": 0.6546055674552917}, "24": {"MeanIOU": 0.17455749613740884, "loss": 0.6590813398361206}, "25": {"MeanIOU": 0.07940682372705092, "loss": 0.6578213572502136}, "26": {"MeanIOU": 0.18032656758510882, "loss": 0.6570518016815186}, "27": {"MeanIOU": 0.1535558033799434, "loss": 0.6533379554748535}, "28": {"MeanIOU": 0.26140781203758046, "loss": 0.6473024487495422}, "29": {"MeanIOU": 0.09640019897655129, "loss": 0.6548198461532593}, "30": {"MeanIOU": 0.263490094676983, "loss": 0.6455095410346985}, "31": {"MeanIOU": 0.08350333340343646, "loss": 0.6505736708641052}, "32": {"MeanIOU": 0.03659240814812853, "loss": 0.6501392126083374}, "33": {"MeanIOU": 0.09734711335694106, "loss": 0.6502318382263184}, "34": {"MeanIOU": 0.16072779180382007, "loss": 0.6444502472877502}, "35": {"MeanIOU": 0.2567021483838419, "loss": 0.6393359303474426}, "36": {"MeanIOU": 0.108186246873961, "loss": 0.6470577120780945}, "37": {"MeanIOU": 0.07110485930798885, "loss": 0.642092764377594}, "38": {"MeanIOU": 0.264002405351908, "loss": 0.6345458626747131}, "39": {"MeanIOU": 0.07110485930798885, "loss": 0.6384376287460327}, "40": {"MeanIOU": 0.15446669295282345, "loss": 0.6352896094322205}, "41": {"MeanIOU": 0.3834624346621324, "loss": 0.6236445903778076}, "42": {"MeanIOU": 0.1082982123288002, "loss": 0.6386675834655762}, "43": {"MeanIOU": 0.3244135871899221, "loss": 0.6252147555351257}, "44": {"MeanIOU": 0.0977134922934002, "loss": 0.6355885863304138}, "45": {"MeanIOU": 0.06353984460806247, "loss": 0.6335902214050293}, "46": {"MeanIOU": 0.13384966894087585, "loss": 0.6292723417282104}, "47": {"MeanIOU": 0.09033611231147039, "loss": 0.6287807822227478}, "48": {"MeanIOU": 0.3673672990385776, "loss": 0.6182457208633423}, "49": {"MeanIOU": 0.3673843407026203, "loss": 0.6170399188995361}}