{"0": {"loss": 0.7106819152832031, "MeanIOU": 0.004920437588751017}, "1": {"loss": 0.7108462452888489, "MeanIOU": 0.01895713992563918}, "2": {"loss": 0.7051016092300415, "MeanIOU": 0.0278659981959682}, "3": {"loss": 0.7062773704528809, "MeanIOU": 0.004584194986671767}, "4": {"loss": 0.696040689945221, "MeanIOU": 0.042670881074674046}, "5": {"loss": 0.7035330533981323, "MeanIOU": 0.00020851465042065562}, "6": {"loss": 0.7019804120063782, "MeanIOU": 0.00010828161883426415}, "7": {"loss": 0.6934807896614075, "MeanIOU": 0.0011419722715667034}, "8": {"loss": 0.6928627490997314, "MeanIOU": 0.0006716877239491152}, "9": {"loss": 0.691623866558075, "MeanIOU": 0.00019308646098609777}, "10": {"loss": 0.6979488134384155, "MeanIOU": 0.0008042746341192124}, "11": {"loss": 0.6938225626945496, "MeanIOU": 0.0007359976448075366}, "12": {"loss": 0.6896557211875916, "MeanIOU": 0.0001280797641361882}, "13": {"loss": 0.6818243265151978, "MeanIOU": 5.230248619868147e-06}, "14": {"loss": 0.6801364421844482, "MeanIOU": 0.034826200373260945}, "15": {"loss": 0.677166759967804, "MeanIOU": 0.04856718228978051}, "16": {"loss": 0.6782998442649841, "MeanIOU": 0.004692563028530783}, "17": {"loss": 0.6788765788078308, "MeanIOU": 0.0}, "18": {"loss": 0.6807283163070679, "MeanIOU": 6.498781478472787e-05}, "19": {"loss": 0.6694116592407227, "MeanIOU": 0.0}, "20": {"loss": 0.6686162948608398, "MeanIOU": 0.0}, "21": {"loss": 0.6657989025115967, "MeanIOU": 0.039757962827362145}, "22": {"loss": 0.6719695925712585, "MeanIOU": 0.0}, "23": {"loss": 0.6612929105758667, "MeanIOU": 0.053674206222788574}, "24": {"loss": 0.6673237681388855, "MeanIOU": 0.009405319935255098}, "25": {"loss": 0.6611377000808716, "MeanIOU": 0.0302929822961655}, "26": {"loss": 0.6596700549125671, "MeanIOU": 0.05497415173065316}, "27": {"loss": 0.6584059596061707, "MeanIOU": 0.01078752538819367}, "28": {"loss": 0.6616982221603394, "MeanIOU": 0.00761117698990226}, "29": {"loss": 0.6521311402320862, "MeanIOU": 0.061282557856856705}, "30": {"loss": 0.6469203233718872, "MeanIOU": 0.0}, "31": {"loss": 0.6536223888397217, "MeanIOU": 0.0}, "32": {"loss": 0.649466335773468, "MeanIOU": 0.013191850061218723}, "33": {"loss": 0.6448971629142761, "MeanIOU": 0.12375036862282512}, "34": {"loss": 0.6431667804718018, "MeanIOU": 0.08067783990435212}, "35": {"loss": 0.6399779319763184, "MeanIOU": 0.02965938126137387}, "36": {"loss": 0.6374619007110596, "MeanIOU": 0.04090984510575168}, "37": {"loss": 0.6409140825271606, "MeanIOU": 0.005673955161915307}, "38": {"loss": 0.6317655444145203, "MeanIOU": 0.0797566127896539}, "39": {"loss": 0.6359183192253113, "MeanIOU": 0.009311250848758598}, "40": {"loss": 0.6275914311408997, "MeanIOU": 0.21874306354299092}, "41": {"loss": 0.6225003004074097, "MeanIOU": 0.20553007823037497}, "42": {"loss": 0.6249144673347473, "MeanIOU": 0.08615386414670659}, "43": {"loss": 0.6162954568862915, "MeanIOU": 0.2083720582089459}, "44": {"loss": 0.6177676320075989, "MeanIOU": 0.0}, "45": {"loss": 0.6077979803085327, "MeanIOU": 0.0}, "46": {"loss": 0.6013507843017578, "MeanIOU": 0.3700348931695426}, "47": {"loss": 0.5941174030303955, "MeanIOU": 0.41290572618932275}, "48": {"loss": 0.6091179251670837, "MeanIOU": 0.1359792357985347}, "49": {"loss": 0.6047502756118774, "MeanIOU": 0.02304164674952199}, "50": {"loss": 0.5802942514419556, "MeanIOU": 0.43370692461516996}, "51": {"loss": 0.5966423153877258, "MeanIOU": 0.0006014765012194318}, "52": {"loss": 0.5764731168746948, "MeanIOU": 0.0}, "53": {"loss": 0.5910304188728333, "MeanIOU": 0.19862234530805017}, "54": {"loss": 0.566982090473175, "MeanIOU": 0.4271596201635865}, "55": {"loss": 0.5752035975456238, "MeanIOU": 0.0}, "56": {"loss": 0.5650423169136047, "MeanIOU": 0.31380543076510253}, "57": {"loss": 0.5565726161003113, "MeanIOU": 0.6338571158115761}, "58": {"loss": 0.5590481758117676, "MeanIOU": 0.0}, "59": {"loss": 0.5369259715080261, "MeanIOU": 0.43625922887612795}, "60": {"loss": 0.5360244512557983, "MeanIOU": 0.0}, "61": {"loss": 0.5269732475280762, "MeanIOU": 0.0}, "62": {"loss": 0.546922504901886, "MeanIOU": 0.3530842344249047}, "63": {"loss": 0.535662055015564, "MeanIOU": 0.027599216886091803}, "64": {"loss": 0.511594831943512, "MeanIOU": 0.23643435451553532}, "65": {"loss": 0.5207176208496094, "MeanIOU": 0.027599216886091803}, "66": {"loss": 0.48986610770225525, "MeanIOU": 0.0}, "67": {"loss": 0.49311864376068115, "MeanIOU": 0.5676816428451633}, "68": {"loss": 0.46518316864967346, "MeanIOU": 0.6363025441763089}, "69": {"loss": 0.4912484586238861, "MeanIOU": 0.3480539091698441}, "70": {"loss": 0.47609859704971313, "MeanIOU": 0.0}, "71": {"loss": 0.47286975383758545, "MeanIOU": 0.3532117855219632}, "72": {"loss": 0.43997761607170105, "MeanIOU": 0.0}, "73": {"loss": 0.4471151828765869, "MeanIOU": 0.0}, "74": {"loss": 0.44746875762939453, "MeanIOU": 0.0}, "75": {"loss": 0.38997095823287964, "MeanIOU": 0.0}, "76": {"loss": 0.4171585142612457, "MeanIOU": 0.3532117855219632}, "77": {"loss": 0.4043351411819458, "MeanIOU": 0.3532117855219632}, "78": {"loss": 0.40066471695899963, "MeanIOU": 0.0}, "79": {"loss": 0.3501214385032654, "MeanIOU": 0.0}, "80": {"loss": 0.33189424872398376, "MeanIOU": 0.0}, "81": {"loss": 0.3612593412399292, "MeanIOU": 0.027599216886091803}, "82": {"loss": 0.3226196765899658, "MeanIOU": 0.0}, "83": {"loss": 0.3252979815006256, "MeanIOU": 0.3411607404002841}, "84": {"loss": 0.27950844168663025, "MeanIOU": 0.6418439110989724}, "85": {"loss": 0.38134580850601196, "MeanIOU": 0.0613934664628675}, "86": {"loss": 0.2620924413204193, "MeanIOU": 0.5428397130057909}, "87": {"loss": 0.24844850599765778, "MeanIOU": 0.0}, "88": {"loss": 0.28069227933883667, "MeanIOU": 0.0}, "89": {"loss": 0.23921047151088715, "MeanIOU": 0.7921886380189366}, "90": {"loss": 0.19816191494464874, "MeanIOU": 0.30290731061601506}, "91": {"loss": 0.22714795172214508, "MeanIOU": 0.39563256761866117}, "92": {"loss": 0.3433021605014801, "MeanIOU": 0.05191757554085464}, "93": {"loss": 0.339647114276886, "MeanIOU": 0.007138056501888805}, "94": {"loss": 0.22407206892967224, "MeanIOU": 0.0020212127276365817}, "95": {"loss": 0.24266056716442108, "MeanIOU": 0.001695589129519622}, "96": {"loss": 0.22553712129592896, "MeanIOU": 0.0}, "97": {"loss": 0.1650688499212265, "MeanIOU": 0.0}, "98": {"loss": 0.2364010363817215, "MeanIOU": 0.0}, "99": {"loss": 0.1996072381734848, "MeanIOU": 0.0}}