{"0": {"loss": 0.718741774559021, "MeanIOU": 0.05873463129156749}}